key,vid
259,01004641-1dd8-11ef-9268-316fc8e174dd
352,01004641-1dd8-11ef-9268-316fc8e174dd
585,01004641-1dd8-11ef-9268-316fc8e174dd
116,05ea5813-93e5-11eb-90d2-e3355a7e800b
460,05ea5813-93e5-11eb-90d2-e3355a7e800b
515,0e5f5346-ef74-11ee-a589-df5b398caaa4
514,0e5f5346-ef74-11ee-a589-df5b398caaa4
139,1821bc30-93e5-11eb-a746-fdabd18be9c6
350,1821bc30-93e5-11eb-a746-fdabd18be9c6
155,2b50edd1-93e5-11eb-a746-fdabd18be9c6
156,2b50edd1-93e5-11eb-a746-fdabd18be9c6
44,72b33d10-1afd-11ec-9842-212d1c52ad77
45,72b33d10-1afd-11ec-9842-212d1c52ad77
130,b656cae1-93e4-11eb-8ad6-7326edce8d21
131,b656cae1-93e4-11eb-8ad6-7326edce8d21
513,bb9fa300-93e4-11eb-a33a-a3dfba582839
508,bb9fa300-93e4-11eb-a33a-a3dfba582839
519,d4d3de9b-2d28-11ed-abd0-cb4d1b9ef28b
525,d4d3de9b-2d28-11ed-abd0-cb4d1b9ef28b
411,d9f2b2c1-93e4-11eb-a746-fdabd18be9c6
410,d9f2b2c1-93e4-11eb-a746-fdabd18be9c6
517,f8dd5135-0c43-11ee-b94f-ebf23e82ffaf
523,f8dd5135-0c43-11ee-b94f-ebf23e82ffaf
